{
  "loss": [
    1.9537895917892456,
    1.3993711471557617,
    1.2744446992874146,
    1.1912974119186401,
    1.1258625984191895,
    1.0949504375457764,
    1.03529691696167,
    0.9896866679191589,
    0.973700761795044,
    0.9656639099121094,
    0.9294399619102478,
    0.9057309627532959,
    0.9189432859420776,
    0.9119051694869995,
    0.874586820602417,
    1.1416021585464478,
    0.8520746231079102,
    0.759721040725708,
    0.6576796174049377,
    0.5993244051933289,
    0.5367609262466431,
    0.4913517236709595,
    0.45040905475616455,
    0.39768126606941223,
    0.37811577320098877,
    0.35323402285575867,
    0.3222666382789612,
    0.3039554953575134,
    0.2757858335971832,
    0.26630616188049316,
    0.24615636467933655,
    0.21495674550533295,
    0.1903066337108612,
    0.18318302929401398
  ],
  "accuracy": [
    0.4233333468437195,
    0.550000011920929,
    0.5856666564941406,
    0.606166660785675,
    0.6284999847412109,
    0.6301666498184204,
    0.6600000262260437,
    0.6646666526794434,
    0.6756666898727417,
    0.6756666898727417,
    0.6930000185966492,
    0.6968333125114441,
    0.690666675567627,
    0.6945000290870667,
    0.7023333311080933,
    0.6274999976158142,
    0.7106666564941406,
    0.749833345413208,
    0.7758333086967468,
    0.7993333339691162,
    0.815500020980835,
    0.8355000019073486,
    0.8445000052452087,
    0.8658333420753479,
    0.8705000281333923,
    0.8849999904632568,
    0.8920000195503235,
    0.9008333086967468,
    0.9110000133514404,
    0.9128333330154419,
    0.9203333258628845,
    0.9318333268165588,
    0.9401666522026062,
    0.9453333616256714
  ],
  "val_loss": [
    1.0892256498336792,
    1.0847852230072021,
    0.961333155632019,
    0.9293511509895325,
    0.9114049673080444,
    0.9380058646202087,
    0.9172793626785278,
    0.8901588320732117,
    0.8787304759025574,
    0.8808847069740295,
    0.871741771697998,
    0.9278588891029358,
    0.9023829102516174,
    0.8714916110038757,
    0.898547351360321,
    0.9987239837646484,
    0.9267061948776245,
    0.8648314476013184,
    0.7972701787948608,
    0.8136871457099915,
    0.8077031373977661,
    0.8020748496055603,
    0.7674561142921448,
    0.8073139786720276,
    0.7596985101699829,
    0.7775824666023254,
    0.7426666617393494,
    0.8150280714035034,
    0.7918561100959778,
    0.87759929895401,
    0.9114046096801758,
    0.8224509358406067,
    0.811113715171814,
    0.8084961175918579
  ],
  "val_accuracy": [
    0.6353333592414856,
    0.6553333401679993,
    0.6893333196640015,
    0.6953333616256714,
    0.7020000219345093,
    0.6919999718666077,
    0.6959999799728394,
    0.7120000123977661,
    0.7113333344459534,
    0.7179999947547913,
    0.7260000109672546,
    0.7013333439826965,
    0.7133333086967468,
    0.7226666808128357,
    0.7106666564941406,
    0.7046666741371155,
    0.7233333587646484,
    0.7419999837875366,
    0.7580000162124634,
    0.7506666779518127,
    0.75,
    0.7580000162124634,
    0.765999972820282,
    0.7673333287239075,
    0.7806666493415833,
    0.7766666412353516,
    0.7833333611488342,
    0.7746666669845581,
    0.7799999713897705,
    0.765333354473114,
    0.7519999742507935,
    0.7713333368301392,
    0.7793333530426025,
    0.7846666574478149
  ],
  "top_3_accuracy": [
    0.7020000219345093,
    0.8268333077430725,
    0.8473333120346069,
    0.8671666383743286,
    0.878333330154419,
    0.8830000162124634,
    0.890666663646698,
    0.9016666412353516,
    0.9028333425521851,
    0.906000018119812,
    0.9121666550636292,
    0.9101666808128357,
    0.9110000133514404,
    0.9185000061988831,
    0.9175000190734863,
    0.8686666488647461,
    0.9235000014305115,
    0.9386666417121887,
    0.9539999961853027,
    0.9595000147819519,
    0.9671666622161865,
    0.9738333225250244,
    0.9761666655540466,
    0.9823333621025085,
    0.9828333258628845,
    0.9860000014305115,
    0.9865000247955322,
    0.9879999756813049,
    0.9901666641235352,
    0.9915000200271606,
    0.9901666641235352,
    0.9941666722297668,
    0.9943333268165588,
    0.9963333606719971
  ],
  "val_top_3_accuracy": [
    0.8820000290870667,
    0.8853333592414856,
    0.9113333225250244,
    0.9073333144187927,
    0.9166666865348816,
    0.9120000004768372,
    0.9160000085830688,
    0.9166666865348816,
    0.9153333306312561,
    0.9179999828338623,
    0.9213333129882812,
    0.9146666526794434,
    0.906000018119812,
    0.9213333129882812,
    0.9106666445732117,
    0.9113333225250244,
    0.9146666526794434,
    0.9233333468437195,
    0.9293333292007446,
    0.9393333196640015,
    0.9333333373069763,
    0.9306666851043701,
    0.9426666498184204,
    0.940666675567627,
    0.9453333616256714,
    0.9446666836738586,
    0.9413333535194397,
    0.9380000233650208,
    0.9459999799728394,
    0.9306666851043701,
    0.9326666593551636,
    0.9446666836738586,
    0.9433333277702332,
    0.9413333535194397
  ]
}